{
    "loss": 0.22050809860229492,
    "accuracy": 0.931034505367279
}